{
  "objective": 1.2644593217375144,
  "terminal_state": [
    1.126684494925283,
    0.6222299324061182,
    1.4133658659681008,
    0.11713151640756188,
    -0.0026794701231310403,
    0.22910300315537374
  ],
  "first_control": [
    -0.31584791492076497,
    -0.12883784787019434,
    -0.45562324113481406
  ],
  "status": "Solve_Succeeded",
  "solver": "ipopt",
  "tolerance": 1e-10
}