{
  "objective": 4.071823111409317,
  "terminal_state": [
    8.467597672810113,
    46.491098152279136,
    1.5567626443937843,
    5.418351640904908,
    0.00018052958469469147
  ],
  "first_control": [
    0.2590400540710411,
    -0.5504041906934805
  ],
  "status": "Solve_Succeeded",
  "solver": "ipopt",
  "tolerance": 1e-10
}