{
  "objective": 19.865834035489286,
  "terminal_state": [
    -3.2376351951480684,
    588.7301774123263,
    -1.5487479327819367,
    8.000000009997516,
    0.0029884174958463967
  ],
  "first_control": [
    0.6481745737096395,
    0.027349015311346453
  ],
  "status": "Solve_Succeeded",
  "solver": "ipopt",
  "tolerance": 1e-10
}