{
  "objective": 0.06144338625480965,
  "terminal_state": [
    0.07187968885490055,
    -0.9118152163698393,
    1.4641215945176593,
    -0.0050862198312749095,
    0.062074383054661356,
    0.0002754891002626988
  ],
  "first_control": [
    0.10064773146195755,
    -0.007873227418346259,
    -0.019268113854934394
  ],
  "status": "Solve_Succeeded",
  "solver": "ipopt",
  "tolerance": 1e-10
}